label_id,signal,label,reason,labeller,labelled_at
L002,rpm,,,,
L003,rpm,,,,
L004,rpm,,,,
L005,rpm,,,,
L006,aapv,,,,
L007,aapv,,,,
L008,aapv,,,,
L009,rpm,,,,
L010,aapv,,,,
L011,rpm,,,,
L012,aapv,,,,
L013,rpm,,,,
L014,rpm,,,,
L015,rpm,,,,
L016,aapv,,,,
L017,rpm,,,,
L018,rpm,,,,
L019,rpm,,,,
L020,aapv,,,,
L021,aapv,,,,
L022,rpm,,,,
L023,aapv,,,,
L024,rpm,,,,
L025,rpm,,,,
L026,rpm,,,,
L027,aapv,,,,
L028,rpm,,,,
L029,aapv,,,,
L030,rpm,,,,
L031,aapv,,,,
L032,aapv,,,,
L033,aapv,,,,
L034,aapv,,,,
L035,aapv,,,,
L036,rpm,,,,
L037,aapv,,,,
L038,aapv,,,,
L039,aapv,,,,
L040,rpm,,,,
L041,aapv,,,,
L042,aapv,,,,
L043,rpm,,,,
L044,rpm,,,,
